ID,orig,dest,polyline
7729,77,141,gpuaG~`}pLiBpHqHh[_EtPw@fCgJ|WgGnQeG|QiGbRyAvEmCdI[`Ai@Y_@QyE_Cs@a@SQg@m@Wi@wAgEaAsCy@aBmByCeAaBOSu@k@A[
7730,77,142,gpuaG~`}pLiBpHqHh[_EtPw@fCgJ|WgGnQeG|QiGbRyAvEmCdI[`Ai@Y_@QyE_Cs@a@SQg@m@Wi@wAgEaAsCy@aBmByCeAaBOSu@k@Cc@EQIUMOUAEBINGVCPBVDPJPJHy@rAYd@k@xAWjAYlBS~@[dA]~@[n@s@fAuAbBc@p@m@rAeAlCo@hBa@hAGE
7731,77,143,gpuaG~`}pLiBpHqHh[_EtPw@fC_FrNm@`BQh@FB
7732,77,144,gpuaG~`}pLiBpHqHh[_EtPw@fCgJ|WgGnQeG|QiGbRyAvEmCdIo@hBYb@CH{@l@gBrAcE|CgGvEyDrCeAn@uAf@mFdB
7733,77,145,gpuaG~`}pLiBpHqHh[_EtPw@fCgJ|WgGnQeG|QiGbRyAvEmCdIB\DLPN^Db@ShB_ArBqA\QX[NQf@iAR_@V{@
7734,78,79,igtaG~x|pLI\In@F`CNhD^`ILdDIzAK`B?xA@dA\rDJ~@f@pC|AfJp@lFg@p@
7735,78,80,igtaG~x|pLjEiPnDgN^kAr@mBj@Oj@CtAW`AYpFgBnC{@~@oAxAmBT[DIjBqHLSFYd@iBhP`CtK|ApG`Ae@|GGdAAr@Df@Pz@`@x@d@f@f@TlAXxIxA|Ez@JT
7736,78,81,igtaG~x|pLjEiPnDgN^kAr@mBj@Oj@CtAW`AYpFgBnC{@~@oAxAmBT[DIjBqHLSFYd@iBx@_LhA}P`@uFfC^lCZfC`@j@mIHsAA{@CMB?V@CKQCOEKKSk@Ao@D]CWFUZq@t@mBnAsC^}@ASCWKIFO?GkAoAOOL[Rq@p@cBvCcHlEsKXRrCpDXZZN`E`BpBp@|@`@XVVd@bB|Cr@nAh@j@x@n@l@d@b@Tj@R\BH?`@DZ@R?NCVQXO`Ae@XOTGp@GnBVfEv@nB\xA`@JD?X?R@BFHZJV?h@A\F`@\Lb@?PHLPLCs@BEB@@n@A?Ei@?WFg@Nk@Xg@XUHGB@ADUNKD?IRSUFOeAQ_AfBo@Fj@JDPF`@ClCaAdEcBhHuCZMeBaNWwB?a@?oBLsGRyGB_CEqAGsA
7737,78,82,igtaG~x|pLI\In@F`C~HeB^IHFDDHLbDrINr@l@vFFRDf@VFbDdAjF|AtCd@XLJM|O~JxErCdJrFfAn@`@`@lB|Bh@p@d@y@vAsCb@}@b@{@X\PTDJFf@JrAVnFf@pM|Ah`@LhE?LT|FVdKDbBHv@VrHN~E?j@VjHNtDJfBZtIXlHF|@RnED|Ar@r@^Vf@T\Jh@Hj@DAPDPlHfJ^h@f@j@f@Xb@V\Ff@FvAErFUpCKHEHi@PcCD]vBZF?VQv@hCP^TAbGqAtBa@pBUzAYjDs@rAc@pBcA|@a@PGf@Uv@e@\[t@y@n@o@|@q@d@[~C_BvBgAzA}@dCeBt@m@r@y@h@u@f@_Ad@_AzAcE~B}FxByEzByEz@kBR[l@a@~A]XI~E}@j@B`@HxC|@vA^~AX|@FfABn@@l@Ap@O`Ac@PQl@{@v@aAbAuAhAsAXUl@c@xAs@LE@X?LGzAlE~@SlAMd@?B
7738,78,83,igtaG~x|pLjEiPnDgN^kAr@mBj@Oj@CtAW`AYpFgBnC{@~@oAxAmBT[DIjBqHLSFYd@iBx@_LhA}P`@uFfC^lCZfC`@j@mIHsAA{@CMB?V@CKLAXMT_@He@Ag@Qa@QSEI@QdAeClAqCPUDAD?x@mBbBzADPXHnJ~IrMbMFJ?THTJDJ?rC^`@D`AJ^Lb@X^\Vd@Rj@Lr@FrAAxFLvBHRTbArHt[bApEhHzZ@PBXjPwGlLoE|Ag@v@[bG}BzH{CxDuAtD}ArFyB~J}D`@Wn@iAbC{D^o@VMnFcJ~BuDPUfE_EhAsApKiNlIwKbIgKtBoCdAgB~AqCh@y@FMPSdAy@hNyKtP_Nx@o@
7739,78,84,igtaG~x|pLjEiPnDgN^kAr@mBj@Oj@CtAW`AYpFgBnC{@~@oAxAmBT[DIjBqHLSFYd@iBlC`@h@iIrAsSfAcPHIFWhG|@bC`@fC\PFtBXReDJ{A@IdBZ
7740,78,85,igtaG~x|pLjEiPnDgN^kAr@mBj@Oj@CtAW`AYpFgBnC{@~@oAxAmBT[DIjBqHLSFYd@iBx@_LhA}P`@uFfC^lCZfC`@j@mIHsAA{@CMB?V@CKQCOEKKSk@Ao@D]CWFUZq@t@mBnAsC^}@ASCWKIFO?GkAoAOOL[Rq@p@cBvCcHlEsKh@}@JYLeARMVgB`@cDTiBl@iCJYP_@TSj@k@`@]vB{Bl@c@`@DRJfA}GvAyI|@aFTy@\k@b@g@X[vAkAbAo@f@S`AWnB_@vE{@nA[P^JPRLb@J`BBlAF?wD~@GtAGx@QhA[d@Q\Yf@i@`EkElDuDTUSg@_AaCcCuGvAwBbDeIJSRSj@uAlDuJbEeLr@uB\s@vAuDhDsK|AkFhDdC~B`Bh@d@j@p@dArAlBbCtBbCjC|ChAdArA`BxBhCvIlKrBhCxDrEn@|@fBzBdFjG~FlH~FpH`GtHbC|C|@jAZ?~BA`EEnEA
7741,78,86,igtaG~x|pLjEiPnDgN^kAr@mBj@Oj@CtAW`AYpFgBnC{@~@oAxAmBT[DIjBqHLSFYd@iBx@_LhA}P`@uFfC^lCZfC`@j@mIHsAA{@CMB?V@CKLAXMT_@He@Ag@Qa@QSEI@QdAeClAqCPUDAD?x@mBbBzADPXHnJ~IrMbMFJ?THTJDJ?rC^`@D`AJ^Lb@X^\Vd@Rj@Lr@FrAAxFLvBHRTbArHt[bApEhHzZ@PBXjPwGlLoE|Ag@v@[bG}BzH{CxDuAtD}ArFyB~J}D`@Wn@iAp@gAp@|@~BpCTJxAtBh@dAVt@dAnDhAfEz@|Cd@vAp@tB|@fDPb@\jAVx@vC`KbBzFfBbGhAzDlAlEn@hCdArC`@pA|AxGv@|Cj@nBzA`Fl@rANLpAvCVv@PdABv@AtHHpCFjAFn@Tx@nA~CHf@|@xAZf@Lf@Jj@HpBLvCCzH@bAFlADl@aAReAPWCMQCG
7742,78,87,igtaG~x|pLI\In@F`C~HeB^IHFDDHLbDrINr@l@vFFRDf@VFbDdAjF|AtCd@XLJM|O~JxErCdJrFfAn@`@`@lB|Bh@p@d@y@vAsCb@}@b@{@X\PTDJFf@JrAVnFf@pM|Ah`@LhE?LD~AJ`C_@AiBImAEcBIiA?u@D
7743,78,88,igtaG~x|pLI\In@F`C~HeB^IHFDDHLbDrINr@l@vFFRNvBRfBJb@Xv@Xl@~@`B~BxDnCmD`@i@
7744,78,89,igtaG~x|pLI\In@F`CNhD^`ILdDIzAK`B?xA@dA\rDJ~@f@pC|AfJpBlOzC|U`BnMjArJVVHHn@lAJFObAIt@QfBKdAGjBMv@e@fB_@|@@HEHGHKLKLSNgAZaB`@Q?c@@cEUG?
7745,78,90,igtaG~x|pLjEiPnDgN^kAr@mBj@Oj@CtAW`AYpFgBnC{@~@oAxAmBT[DIjBqHLSFYd@iBlC`@h@iIrAsSfA_P
7746,78,91,igtaG~x|pLI\In@F`C~HeBtAY|Ba@rH_BbBa@`IeBHCF@j@HrAh@~Av@NFTFzFpCx@b@xAn@z@gAjDmE`DgE|AoBvFqH
7747,78,92,igtaG~x|pLjEiPnDgN^kAr@mBj@Oj@CtAW`AYpFgBnC{@~@oAxAmBT[DIjBqHLSFYd@iBx@_LhA}P`@uFfC^lCZfC`@j@mIHsAA{@CMB?V@CKQCOEKKSk@Ao@D]CWFUZq@t@mBnAsC^}@ASCWKIFO?GkAoAOOL[Rq@p@cBvCcHlEsKh@}@JYLeARMVgB`@cDTiBl@iCJYP_@TSj@k@`@]vB{Bl@c@`@DRJfA}GvAyI|@aFTy@\k@b@g@X[vAkAbAo@f@S`AWnB_@vE{@nA[P^JPRLb@J`BBlAF?wD~@GtAGx@QhA[d@Q\Yf@i@`EkElDuDTUSg@_AaCcCuGvAwBbDeIJSRSj@uAlDuJbEeLr@uB\s@vAuDhDsK|AkFhDdC~B`Bh@d@j@p@dArAlBbCtBbCjC|ChAdArA`BxBhCvIlKrBhCxDrEn@|@fBzBdFjG~FlH~FpHvCvDLN|C_BjFqCrBeA`@OpCwAr@]l@Uv@SvBSh@GxAKNMLFJ@RANIFGh@@A}AIe@Vy@Z]pAoAVQTEf@?vG??eKBKTeAfBXtAJrB@rAAhBuAjAcAZ_@Zm@HWJs@?g@OkA@SBORg@HW@QCQEi@?c@Ba@ViBT{@f@{AT]RUAWXQTGZ@N@LGTIJILSh@gB~F_S|@YBC@CpDmLBB@BHLJV@D?FPI\OTIHAJB^d@P^VbAFXZa@^e@LYPs@LY^uAPe@?MW}@?SXcB@Y@Od@wANo@EMCG?M~AaI`CK~GM|AOFVVr@@NMd@jDlEvBfCfBxB
7748,78,93,igtaG~x|pLjEiPnDgN^kAr@mBj@Oj@CtAW`AYpFgBnC{@~@oAxAmBT[DIjBqHLSFYd@iBx@_LhA}P`@uFfC^lCZfC`@j@mIHsAA{@CMB?V@CKQCOEKKSk@Ao@D]CWFUZq@t@mBnAsC^}@ASCWKIFO?GkAoAOOL[Rq@p@cBvCcHlEsKh@}@JYLeARMVgB`@cDTiBl@iCJYP_@TSj@k@`@]vB{Bl@c@`@DRJfA}GvAyI|@aFTy@\k@b@g@X[vAkAbAo@f@S`AWnB_@vE{@nA[P^JPRLb@J`BBlAF?wD~@GtAGx@QhA[d@Q\Yf@i@`EkElDuDTUSg@_AaCcCuGvAwBbDeIJSRSj@uAlDuJbEeLr@uB\s@vAuDhDsK|AkFhDdC~B`Bh@d@j@p@dArAlBbCtBbCjC|ChAdArA`BxBhCvIlKrBhCxDrEn@|@fBzBdFjG~FlH~FpHvCvDLN|C_BjFqCrBeA`@OpCwAr@]l@Uv@SvBSh@GxAKNMLFJ@RANIFGh@@|BBjHGnDIrKOjA_@~Bo@l@UzAo@VG^CFFPHZ?NEJMLUBM@Eb@c@x@a@VMl@W
7749,78,94,igtaG~x|pLzAyFsA{@AEDmCF}BAs@IoAQgA{@sDEWL{@?eAAKE]Ke@KEc@OWUSSIQIQMQ{@{Dw@oE_@mC_AcMiAiMa@uEMkCM}BS{A}@eEg@oBa@cB]{A{A}Fm@{B?YF}@HUDi@?MGe@IQQYUQDc@FSLMj@]HYx@wBn@VXB\AxAWnAg@nAq@fAy@fHaHzC{CrB{BnCaDdC{CbHeK
7750,78,95,igtaG~x|pLI\In@F`C~HeBtAY|Ba@rH_BbBa@`IeBHCF@j@HD@
7751,78,96,igtaG~x|pLI\In@F`CNhD^`ILdDIzAK`B?xA@dA\rDJ~@f@pC|AfJpBlOzC|U`BnMjArJVVHHn@lAJFRD^Jb@oCn@yAFMMMn@eARa@FSxAaDR_@Pa@ZaArAsE|@{C
7752,78,97,igtaG~x|pLI\In@F`CNhD^`ILdDIzAK`B?xA@dA\rDJ~@f@pC|AfJpBlOzC|U`BnMjArJVVHHn@lAJFRD^Jb@oCn@yAFMMMn@eARa@DMXFj@JjBXrBZfB\jB\I`@YvAAV?NMRCFWbAQdASfAhA`@rBv@v@Tn@aCbAwDrCvAvAr@~@b@r@b@TJ
7753,78,98,igtaG~x|pLjEiPnDgN^kAr@mBj@Oj@CtAW`AYpFgBnC{@~@oAxAmBT[DIjBqHLSFYd@iBlC`@h@iIrAsSfAcPHIFWPaCKWIYKIGAOQ_@K_@[yAqAAGBOJe@`C}QHw@BQRq@dD{HeAqDlBeEFqB@e@G}CC]G{CAk@DaCA_@K}@B{A^iBCi@Mg@SYOMUCy@Qa@]Qa@Ki@Y_AQg@qAsDIGMCc@RIAIIM[IQSNKF
7754,78,99,igtaG~x|pLjEiPnDgN^kAr@mBj@Oj@CtAW`AYpFgBnC{@~@oAxAmBT[DIjBqHLSFYd@iBx@_LhA}P`@uFfC^lCZfC`@j@mIHsAA{@CMB?V@CKQCOEKKSk@Ao@D]CWFUZq@t@mBnAsC^}@ASCWKIFO?GkAoAOOL[Rq@p@cBvCcHlEsKh@}@JYLeARMVgB`@cDTiBl@iCJYP_@TSj@k@`@]vB{Bl@c@`@DRJfA}GvAyI|@aFTy@\k@b@g@X[vAkAbAo@f@S`AWnB_@vE{@nA[D~@@|A[@
7755,78,100,igtaG~x|pLjEiPnDgN^kAr@mBj@Oj@CtAW`AYpFgBnC{@~@oAxAmBT[DIjBqHLSFYd@iBx@_LhA}P`@uFfC^lCZfC`@j@mIHsAA{@CMB?V@CKLAXMT_@He@Ag@Qa@QSEI@QdAeClAqCPUDAD?x@mBbBzADPXHnJ~IrMbMFJ?THTJDJ?rC^`@D`AJ^Lb@X^\Vd@Rj@Lr@FrAAxFLvBHRTbArHt[bApEhHzZ@PBXjPwGlLoE|Ag@v@[bG}BzH{CxDuAtD}ArFyB~J}D`@Wn@iAbC{D^o@VMlBcDLNDEDCLDFKD@LNPHJFJ@HO@SLQTQV?XDh@NHDHRFXN\b@p@BVJTjAbBPNF?|AoCHKDFT\fAnBj@fA`AnBjAvBtDbH\_@Pa@j@m@b@YTUH[Lg@b@yA\}@\aBt@aDV_BZ_Ad@q@Ti@Jg@L_@l@q@R[VTh@f@tBhB|B`BbBtApB~AjDlCjBjA`@\VJt@?t@JD}@TuBNw@TiC
7756,78,101,igtaG~x|pLjEiPnDgN^kAr@mBj@Oj@CtAW`AYpFgBnC{@~@oAxAmBT[DIjBqHLSFYd@iBx@_LhA}P`@uFfC^lCZfC`@j@mIHsAA{@CMB?V@CKLAXMT_@He@Ag@Qa@QSEI@QdAeClAqCPUDAD?x@mBbBzADPXHnJ~IrMbMFJ?THTJDJ?rC^`@D`AJ^Lb@X^\Vd@Rj@Lr@FrAAxFLvBHRTbArHt[bApEhHzZ@Ph^mNCQEBT|CL~BVfDn@|Cd@rAb@dADTAR?\^nA`@nBBr@GtDKnACnBQzI[hJA`@F?DEFeA@??^LBZ@BEBs@DA?SnAPv@J|Cb@V@z@iOPyBDY?SL?P@JBRNhAfArCvC~BfC|BfCn@t@bAbAi@jA
7757,78,102,igtaG~x|pLjEiPnDgN^kAr@mBj@Oj@CtAW`AYpFgBnC{@~@oAxAmBT[DIjBqHLSFYd@iBx@_LhA}P`@uFfC^lCZfC`@j@mIHsAA{@CMB?V@CKQCOEKKSk@Ao@D]CWFUZq@t@mBnAsC^}@ASCWKIFO?GkAoAOOL[Rq@p@cBvCcHlEsKXRrCpDXZZN`E`BpBp@|@`@XVVd@bB|Cr@nAh@j@x@n@l@d@b@Tj@R\BH?`@DZ@R?NCVQXO`Ae@XOTGp@GnBVfEv@nB\xA`@JD?X?R@BFHZJV?h@A\F`@\Lb@?PHLPLFTBd@A^SlAHPx@|AX~@J`@z@|ElBvKt@`Eb@S[aB[oBLG`@QF?XtA@DHAESiBcKxD{AhFsBlFqB|CkAbDuA|HwCxAo@hAa@^KxEjGd@n@zBpCxLbP~ArBDIVc@T[TGnCqClAmABMt@w@x@gA`FsGz@cAzAjC|H}JtCoD
7758,78,103,igtaG~x|pLjEiPnDgN^kAr@mBj@Oj@CtAW`AYpFgBnC{@~@oAxAmBT[DIjBqHLSFYd@iBx@_LhA}P`@uFfC^lCZfC`@j@mIHsAA{@CMB?V@CKQCOEKKSk@Ao@D]CWFUZq@t@mBnAsC^}@ASCWKIFO?GkAoAOOL[Rq@p@cBvCcHlEsKXRrCpDXZZN`E`BpBp@|@`@XVVd@bB|Cr@nAh@j@x@n@l@d@b@Tj@R\BH?`@DZ@R?NCVQXO`Ae@XOTGp@GnBVfEv@nB\xA`@JD?X?R@BFHZJV?h@A\F`@\Lb@?PHLPLFTBd@A^SlAHPx@|AX~@J`@z@|ElBvKt@`Eb@S[aB[oBLG`@QF?XtA@DHABLfBq@nFzZhBfKpAe@jAe@|CmAjFsB~CmAoA}G
7759,78,104,igtaG~x|pLjEiPnDgN^kAr@mBj@Oj@CtAW`AYpFgBnC{@~@oAxAmBT[DIjBqHLSFYd@iBx@_LhA}P`@uFfC^lCZfC`@j@mIHsAA{@CMB?V@CKQCOEKKSk@Ao@D]CWFUZq@t@mBnAsC^}@ASCWKIFO?GkAoAOOL[Rq@p@cBvCcHlEsKh@}@JYLeARMVgB`@cDTiBl@iCJYP_@TSj@k@`@]vB{Bl@c@`@DRJfA}GvAyI|@aFTy@\k@b@g@X[vAkAbAo@f@S`AWnB_@vE{@nA[P^JPRLb@J`BBlAF?wD~@GtAGx@QhA[d@Q\Yf@i@`EkElDuDTUSg@_AaCcCuGvAwBbDeIJSRSj@uAlDuJbEeLr@uB\s@vAuDhDsK|AkFhDdC~B`Bh@d@j@p@dArAlBbCtBbCjC|ChAdArA`BxBhCvIlKrBhCxDrEn@|@fBzBdFjG~FlH~FpH`GtHbC|C|@jAZ?~BA`EEvEALA
7760,78,105,igtaG~x|pLjEiPnDgN^kAr@mBj@Oj@CtAW`AYpFgBnC{@~@oAxAmBT[DIjBqHLSFYd@iBx@_LhA}P`@uFfC^lCZfC`@j@mIHsAA{@CMB?V@CKLAXMT_@He@Ag@Qa@QSEI@QdAeClAqCPUDAD?x@mBbBzADPXHnJ~IrMbMFJ?THTJDJ?rC^`@D`AJ^Lb@X^\Vd@Rj@Lr@FrAAxFLvBHRTbArHt[bApEhHzZ@PBXjPwGlLoE|Ag@v@[bG}BzH{CxDuAtD}ArFyB~J}D`@Wn@iAbC{D^o@VMlBcDLNDEDCLDFKD@LNPHJFJ@HO@SLQTQV?XDh@NHDHRFXN\b@p@BVJTjAbBPNF?|AoCHKDFT\fAnBj@fA`AnBjAvBtDbH\_@Pa@j@m@b@YTUH[Lg@b@yA\}@\aBt@aDV_BZ_Ad@q@Ti@Jg@L_@l@q@R[Ne@H]Vk@Zk@To@LUPQPSJYRg@Lg@Jc@LW\g@Vs@Pi@Tc@Xm@Xd@tAdClB`DhBoBhDoDz@_AN[Xs@nAeEr@{Bd@{@hA{AbAyAnBkCpBJn@HVB^Sv@Yr@Q
7761,78,106,igtaG~x|pLjEiPnDgN^kAr@mBj@Oj@CtAW`AYpFgBnC{@~@oAxAmBT[DIjBqHLSFYd@iBx@_LhA}P`@uFfC^lCZfC`@j@mIHsAA{@CMB?V@CKQCOEKKSk@Ao@D]CWFUZq@t@mBnAsC^}@ASCWKIFO?GkAoAOOL[Rq@p@cBvCcHlEsKh@}@JYLeARMVgB`@cDTiBl@iCJYP_@TSj@k@`@]vB{Bl@c@`@DRJfA}GvAyI|@aFTy@\k@b@g@X[vAkAbAo@f@S`AWnB_@vE{@nA[P^JPRLb@J`BBlAF?wD~@GtAGx@QhA[d@Q\Yf@i@`EkElDuDTUSg@_AaCcCuGvAwBbDeIJSRSj@uAlDuJbEeLr@uB\s@vAuDhDsK|AkFhDdC~B`Bh@d@j@p@dArAlBbCtBbCjC|ChAdArA`BxBhCvIlKrBhCxDrEn@|@fBzBjAxA\q@~@cBxFaKpEcIpAzAn@iAh@_A
7762,78,107,igtaG~x|pLjEiPnDgN^kAr@mBj@Oj@CtAW`AYpFgBnC{@~@oAxAmBT[DIjBqHLSFYd@iBx@_LhA}P`@uFfC^lCZfC`@j@mIHsAA{@CMB?V@CKQCOEKKSk@Ao@D]CWFUZq@t@mBnAsC^}@ASCWKIFO?GkAoAOOL[Rq@p@cBvCcHlEsKh@}@JYLeARMVgB`@cDTiBl@iCJYP_@TSj@k@`@]vB{Bl@c@`@DRJfA}GvAyI|@aFTy@\k@b@g@X[vAkAbAo@f@S`AWnB_@vE{@nA[P^JPRLb@J`BBlAF?wD~@GtAGx@QhA[d@Q\Yf@i@`EkElDuDfDoD`BeBRSPe@bCgI`@aAf@u@nDyGbD|Bz@p@z@r@xCzBFDb@\zAfA`EtClAbAxDlCpDbCpB`AfAf@TVpA|Ap@|@\o@hBcD?A`AiBfEsHfEsHbD}FhBeD~BcE|G{LnB`CRNHF?{ACeCEuICgEAeDGeL
7763,78,108,igtaG~x|pLjEiPnDgN^kAr@mBj@Oj@CtAW`AYpFgBnC{@~@oAxAmBT[DIjBqHLSFYd@iBx@_LhA}P`@uFfC^lCZfC`@j@mIHsAA{@CMB?V@CKLAXMT_@He@Ag@Qa@QSEI@QdAeClAqCPUDAD?x@mBbBzADPXHnJ~IrMbMFJ?THTJDJ?rC^`@D`AJ^Lb@X^\Vd@Rj@Lr@FrAAxFLvBHRTbArHt[bApEhHzZ@PBXjPwGlLoE|Ag@v@[bG}BzH{CxDuAtD}ArFyB~J}D`@Wn@iAbC{D^o@VMlBcDLNDEDCLDFKD@LNPHJFJ@HO@SLQTQV?XDh@NHDHRFXN\b@p@BVJTjAbBPNF?|AoCHKDFT\fAnBj@fA`AnBjAvBtDbH\_@Pa@j@m@b@YTUH[Lg@b@yA\}@\aBt@aDV_BZ_Ad@q@Ti@Jg@L_@l@q@R[Ne@H]Vk@Zk@To@LUPQPSJYRg@Lg@Jc@LW\g@Vs@Pi@Tc@Xm@Ru@d@gBVsA^qAJ_ANi@N]T_AF{@B{@A_AEaAO}@GU`@WRCj@BjET`DNDUzAgCzDqGfCgEhFaJ|@wAj@y@b@g@bE}DrBeBpD{CvD}Cf@i@^{@DQNwAZkFBmAHmAb@yAr@sB
7764,78,109,igtaG~x|pLjEiPnDgN^kAr@mBj@Oj@CtAW`AYpFgBnC{@~@oAxAmBT[DIjBqHLSFYd@iBx@_LhA}P`@uFfC^lCZfC`@j@mIHsAA{@CMB?V@CKLAXMT_@He@Ag@Qa@QSEI@QdAeClAqCPUDAD?x@mBbBzADPXHnJ~IrMbMFJ?THTJDJ?rC^`@D`AJ^Lb@X^\Vd@Rj@Lr@FrAAxFLvBHRTbArHt[bApEhHzZ@PBXjPwGlLoE|Ag@v@[bG}BzH{CxDuAtD}ArFyB~J}D`@Wn@iAbC{D^o@VMnFcJ~BuDPUfE_EhAsApKiNlIwKbIgKtBoCdAgB~AqCh@y@FMPSdAy@hNyKtP_NrAcArDwCl@[|AqA`A}@`EgDlKoIj@c@XEPX^r@dA`B`AdA|DlCrBnAlAz@^d@\b@Xj@\bASr@QO
7765,78,110,igtaG~x|pLI\In@F`C~HeB^IHFDDHLbDrINr@l@vFFRDf@VFbDdAjF|AtCd@XLJM|O~JxErCdJrFfAn@`@`@lB|Bh@p@d@y@vAsCb@}@b@{@X\PTDJFf@JrAVnFf@pM|Ah`@LhE?LT|FVdKDbBHv@VrHN~E?j@VjHNtDJfBZtIXlHF|@RnED|Ar@r@^Vf@T\Jh@Hj@DAPDPlHfJ^h@f@j@f@Xb@V\Ff@FvAErFUpCKHEHi@PcCD]vBZF?VQv@hCP^G?y@F[fFWnCSfESjFe@`HCb@MFOPQXIZWjBSnDEf@@VBVLLlBTJDDzAoA|Oe@xF
7766,78,111,igtaG~x|pLjEiPnDgN^kAr@mBj@Oj@CtAW`AYpFgBnC{@~@oAxAmBT[DIjBqHLSFYd@iBx@_LhA}P`@uFfC^lCZfC`@j@mIHsAA{@CMB?V@CKQCOEKKSk@Ao@D]CWFUZq@t@mBnAsC^}@ASCWKIFO?GkAoAOOL[Rq@p@cBvCcHlEsKh@}@JYLeARMVgB`@cDTiBl@iCJYP_@TSj@k@`@]vB{Bl@c@DWOESIEG]s@k@_AMm@_AsByAcDg@qAe@gAONa@cA
7767,78,112,igtaG~x|pLjEiPnDgN^kAr@mBj@Oj@CtAW`AYpFgBnC{@~@oAxAmBT[DIjBqHLSFYd@iBx@_LhA}P`@uFfC^lCZfC`@j@mIHsAA{@CMB?V@CKQCOEKKSk@Ao@D]CWFUZq@t@mBnAsC^}@ASCWKIFO?GkAoAOOL[Rq@p@cBvCcHlEsKh@}@JYLeARMVgB`@cDTiBl@iCJYP_@TSj@k@`@]vB{Bl@c@`@DRJfA}GvAyI|@aFTy@\k@b@g@X[vAkAbAo@f@S`AWnB_@vE{@nA[P^JPRLb@J`BBzADdBEbD?zBDp@NZVb@d@C`@GpA?Tq@m@SS
7768,78,113,igtaG~x|pLjEiPnDgN^kAr@mBj@Oj@CtAW`AYpFgBnC{@~@oAxAmBT[DIjBqHLSFYd@iBx@_LhA}P`@uFfC^lCZfC`@j@mIHsAA{@CMB?V@CKQCOEKKSk@Ao@D]CWFUZq@t@mBnAsC^}@ASCWKIFO?GkAoAOOL[Rq@p@cBvCcHlEsKXRrCpDXZZN`E`BpBp@|@`@XVVd@bB|Cr@nAh@j@x@n@l@d@b@Tj@R\BH?`@DZ@R?NCVQXOHEAFADQPCFNd@D??IO[IWKk@Iw@C{@BwAEAEh@BF^DM]E[?k@@O@MJSFK@G?KDA
7769,78,114,igtaG~x|pLjEiPnDgN^kAr@mBj@Oj@CtAW`AYpFgBnC{@~@oAxAmBT[DIjBqHLSFYd@iBx@_LhA}P`@uFfC^lCZfC`@j@mIHsAA{@CMB?V@CKQCOEKKSk@Ao@D]CWFUZq@t@mBnAsC^}@ASCWKIFO?GkAoAOOL[Rq@p@cBvCcHlEsKh@}@JYLeARMVgB`@cDTiBl@iCJYP_@TSj@k@`@]vB{Bl@c@DWOESIEG]s@k@_AMm@_AsByAcDg@qAe@gAONXp@
7770,78,115,igtaG~x|pLjEiPnDgN^kAr@mBj@Oj@CtAW`AYpFgBnC{@~@oAxAmBT[DIjBqHLSFYd@iBlC`@h@iIrAsSfAcPHIFWPaCKWIYKIGAOQ_@K_@[yAqAAGBOJe@`C}QHw@BQRq@dD{HeAqDlBeEFqB@e@G}CC]G{CAk@DaCA_@K}@B{A^iBCi@Mg@SYOMUCy@Qa@]Qa@Ki@Y_AQg@qAsDIGMCc@RIAIIqAkDkB}Ea@w@YWe@Og@A_@J_@XKNINMRMQy@}@m@u@gB_Cm@aAu@{ATa@T]~@iAfAiA_D_GcEuHgDmGw@yAeB_DY[?@
7771,78,116,igtaG~x|pLjEiPnDgN^kAr@mBj@Oj@CtAW`AYpFgBnC{@~@oAxAmBT[DIjBqHLSFYd@iBx@_LhA}P`@uFfC^lCZfC`@j@mIHsAA{@CMB?V@CKQCOEKKSk@Ao@D]CWFUZq@t@mBnAsC^}@ASCWKIFO?GkAoAOOL[Rq@p@cBvCcHlEsKXRrCpDXZZN`E`BpBp@|@`@XVVd@bB|Cr@nAh@j@x@n@l@d@b@Tj@R\BH?`@DZ@R?NCVQXOHEAFADQPCFNd@D??IO[IWKk@Iw@C{@BwAEAEh@BF^DM]E[?k@@O@MJSFK@G?KPAn@Cr@EbCExDMZKtGyCRrAzAs@jAc@
7772,78,117,igtaG~x|pLjEiPnDgN^kAr@mBj@Oj@CtAW`AYpFgBnC{@~@oAxAmBT[DIjBqHLSFYd@iBx@_LhA}P`@uFfC^lCZfC`@j@mIHsAA{@CMB?V@CKQCOEKKSk@Ao@D]CWFUZq@t@mBnAsC^}@ASCWKIFO?GkAoAOOL[Rq@p@cBvCcHlEsKh@}@JYLeARMVgB`@cDTiBl@iCJYP_@TSj@k@`@]vB{Bl@c@`@DRJfA}GvAyI|@aFTy@\k@b@g@X[vAkAbAo@f@S`AWnB_@vE{@nA[P^JPRLb@J`BBlAF?wDk@qE[q@Ny@`@oAw@qAeBsCKw@
7773,78,118,igtaG~x|pLjEiPnDgN^kAr@mBj@Oj@CtAW`AYpFgBnC{@~@oAxAmBT[DIjBqHLSFYd@iBlC`@h@iIrAsSfAcPHIFWPaCKWIYKIGAOQ_@K_@[yAqAAGBOJe@`C}QHw@BQRq@dD{HeAqDlBeEFqB@e@G}CC]G{CAk@DaCA_@K}@B{A^iBCi@Mg@SYOMUCy@Qa@]Qa@Ki@Y_AQg@qAsDIGMCc@RIAIIqAkDkB}Ea@w@YWe@Og@A_@J_@XKNINMRMQy@}@m@u@gB_Cm@aAcAoB[e@k@o@_BeBKVKRCF[l@s@zA_@|@AHALCH
7774,78,119,igtaG~x|pLjEiPnDgN^kAr@mBj@Oj@CtAW`AYpFgBnC{@~@oAxAmBT[DIjBqHLSFYd@iBx@_LhA}P`@uFfC^lCZfC`@j@mIHsAA{@CMB?V@CKLAXMT_@He@Ag@Qa@QSEI@QdAeClAqCPUDAD?x@mBbBzADPXHnJ~IrMbMFJ?THTJDJ?rC^`@D`AJ^Lb@X^\Vd@Rj@Lr@FrAAxFLvBHRTbArHt[bApEhHzZ@Ph^mNCQEBEcAEaAM_B?e@UoDUiCWwAO]y@_EIK]_@AM?g@Co@AKD]DHP~@B?Ko@h@W@AAIYiBFCoAiHm@cDhBs@bCiAxEkBrGgCnAc@eAiGsA{H
7775,78,120,igtaG~x|pLjEiPnDgN^kAr@mBj@Oj@CtAW`AYpFgBnC{@~@oAxAmBT[DIjBqHLSFYd@iBx@_LhA}P`@uFfC^lCZfC`@j@mIHsAA{@CMB?V@CKLAXMT_@He@Ag@Qa@QSEI@QdAeClAqCPUDAD?x@mBbBzADPXHnJ~IrMbMFJ?THTJDJ?rC^`@D`AJ^Lb@X^\Vd@Rj@Lr@FrAAxFLvBHRTbArHt[bApEhHzZ@PBXjPwGlLoE|Ag@v@[bG}BzH{CxDuAtD}ArFyB~J}D`@Wn@iAp@gAp@|@~BpCTJxAtBh@dAVt@dAnDhAfEz@|Cd@vAp@tB|@fDPb@\jAVx@vC`KbBzFfBbGhAzDlAlEn@hCdArC`@pA|AxGv@|Cj@nBzA`Fl@rANLpAvCVv@PdABv@AtHHpCFjAFn@Tx@nA~CHf@|@xAZf@Lf@TIfJsClBo@xBw@JIn@Ej@?h@DtB\xBn@dBr@rBbAnAl@fAZ|AVpAFpAAzCMfEKhBI^GfDc@|Cc@^KlB`AbIbFvF`Dj@TN@r@FbADfEDrDCrA@xADfALxBd@hDt@h@RXN~@z@t@n@VV~@J
7776,78,121,igtaG~x|pLjEiPnDgN^kAr@mBj@Oj@CtAW`AYpFgBnC{@~@oAxAmBT[DIjBqHLSFYd@iBx@_LhA}P`@uFfC^lCZfC`@j@mIHsAA{@CMB?V@CKLAXMT_@He@Ag@Qa@QSEI@QdAeClAqCPUDAD?x@mBbBzADPXHnJ~IrMbMFJ?THTJDJ?rC^`@D`AJ^Lb@X^\Vd@Rj@Lr@FrAAxFLvBHRTbArHt[bApEhHzZ@PBXjPwGlLoE|Ag@v@[bG}BzH{CxDuAtD}ArFyB~J}D`@Wn@iAp@gAp@|@~BpCTJxAtBh@dAVt@dAnDhAfEz@|Cd@vAp@tB|@fDPb@\jAVx@vC`KbBzFfBbGhAzDlAlEn@hCdArC`@pA|AxGv@|Cj@nBzA`Fl@rANLpAvCVv@PdABv@AtHHpCFjAFn@Tx@nA~CHf@|@xAZf@Lf@TIfJsClBo@xBw@JIn@Ej@?h@DtB\xBn@dBr@rBbAnAl@fAZ|AVpAFpAAzCMfEKhBI^GfDc@|Cc@^KlB`AbIbFvF`Dj@TN@r@FbADfEDrDC~@@
7777,78,122,igtaG~x|pLjEiPnDgN^kAr@mBj@Oj@CtAW`AYpFgBnC{@~@oAxAmBT[DIjBqHLSFYd@iBx@_LhA}P`@uFfC^lCZfC`@j@mIHsAA{@CMB?V@CKLAXMT_@He@Ag@Qa@QSEI@QdAeClAqCPUDAD?x@mBbBzADPXHnJ~IrMbMFJ?THTJDJ?rC^`@D`AJ^Lb@X^\Vd@Rj@Lr@FrAAxFLvBHRTbArHt[bApEhHzZ@PBXjPwGlLoE|Ag@v@[bG}BzH{CxDuAtD}ArFyB~J}D`@Wn@iAp@gAp@|@~BpCTJxAtBh@dAVt@dAnDhAfEz@|Cd@vAp@tB|@fDPb@\jAVx@vC`KbBzFfBbGhAzDlAlEn@hCdArC`@pA|AxGv@|Cj@nBzA`Fl@rANLpAvCVv@PdABv@AtHHpCFjAFn@Tx@nA~CHf@|@xAZf@Lf@TIfJsClBo@xBw@JIn@Ej@?h@DtB\xBn@dBr@rBbAnAl@fAZ|AVpAFpAAzCMfEKhBIMsAYaDSeBBW?QCQFCTNr@N~A`AA~@
7778,78,123,igtaG~x|pLjEiPnDgN^kAr@mBj@Oj@CtAW`AYpFgBnC{@~@oAxAmBT[DIjBqHLSFYd@iBx@_LhA}P`@uFfC^lCZfC`@j@mIHsAA{@CMB?V@CKLAXMT_@He@Ag@Qa@QSEI@QdAeClAqCPUDAD?x@mBbBzADPXHnJ~IrMbMFJ?THTJDJ?rC^`@D`AJ^Lb@X^\Vd@Rj@Lr@FrAAxFLvBHRTbArHt[bApEhHzZ@PBXjPwGlLoE|Ag@v@[bG}BzH{CxDuAtD}ArFyB~J}D`@Wn@iAbC{D^o@VMlBcDLNDEDCLDFKD@LNPHJFJ@HO@SLQTQV?XDh@NHDHRFXN\b@p@BVJTjAbBPNF?|AoCHKDFT\fAnBj@fA`AnBjAvBtDbHFNGJ|ChETX?ZEt@Hr@Tt@NZV`AJL`@Hl@Z\ZZf@Td@Xl@^v@vCdFxAbB`@\f@h@hA~APVt@h@d@RLJd@d@fAjApB|B^Xl@ZdCfBf@Zr@Z`@LbBp@FQ|Bz@jCz@pBf@pGzAtBf@j@Dr@DvBGPCjBGrDQnGEbMKbIGfCE\XWZ
7779,78,124,igtaG~x|pLjEiPnDgN^kAr@mBj@Oj@CtAW`AYpFgBnC{@~@oAxAmBT[DIjBqHLSFYd@iBx@_LhA}P`@uFfC^lCZfC`@j@mIHsAA{@CMB?V@CKLAXMT_@He@Ag@Qa@QSEI@QdAeClAqCPUDAD?x@mBbBzADPXHnJ~IrMbMFJ?THTJDJ?rC^`@D`AJ^Lb@X^\Vd@Rj@Lr@FrAAxFLvBHRTbArHt[bApEhHzZ@PBXjPwGlLoE|Ag@v@[bG}BzH{CxDuAtD}ArFyB~J}D`@Wn@iAbC{D^o@VMlBcDLNDEDCLDFKD@LNPHJFJ@HO@SLQTQV?XDh@NHDHRFXN\b@p@BVJTjAbBPNF?|AoCHKDFT\fAnBj@fA`AnBjAvBtDbHFNGJ|ChETX?ZEt@Hr@Tt@NZV`AJL`@Hl@Z\ZZf@Td@Xl@^v@vCdFxAbB`@\f@h@hA~APVt@h@d@RLJd@d@fAjApB|B^Xl@ZdCfBf@Zr@Z`@LpBz@lB~@z@\vEdA|ElA`@NxBh@`@f@h@hA^r@`Ar@xBrAVRLLTBT@xA|@hBtAdFlE|D`DpJpGjCfAzAf@nBh@pA^`@FfANR?TCRDDA^e@TKF@vATxExAhFlCbEzBMb@
7780,78,125,igtaG~x|pLjEiPnDgN^kAr@mBj@Oj@CtAW`AYpFgBnC{@~@oAxAmBT[DIjBqHLSFYd@iBx@_LhA}P`@uFfC^lCZfC`@j@mIHsAA{@CMB?V@CKLAXMT_@He@Ag@Qa@QSEI@QdAeClAqCPUDAD?x@mBbBzADPXHnJ~IrMbMFJ?THTJDJ?rC^`@D`AJ^Lb@X^\Vd@Rj@Lr@FrAAxFLvBHRTbArHt[bApEhHzZ@PBXjPwGlLoE|Ag@v@[bG}BzH{CxDuAtD}ArFyB~J}D`@Wn@iAbC{D^o@VMlBcDLNDEDCLDFKD@LNPHJFJ@HO@SLQTQV?XDh@NHDHRFXN\b@p@BVJTjAbBPNF?|AoCHKDFT\fAnBj@fA`AnBjAvBtDbHFNGJ|ChETX?ZEt@Hr@Tt@NZV`AJL`@Hl@Z\ZZf@Td@Xl@^v@vCdFxAbB`@\f@h@hA~APVt@h@d@RLJd@d@fAjApB|B^Xl@ZdCfBf@Zr@Z`@LpBz@lB~@z@\vEdA|ElA`@NxBh@`@f@h@hA^r@TN
7781,78,126,igtaG~x|pLI\In@F`C~HeB^IHFDDHLbDrINr@l@vFFRDf@VFbDdAjF|AtCd@XLJM|O~JxErCdJrFfAn@`@`@lB|Bh@p@d@y@vAsCb@}@b@{@X\PTDJFf@JrAVnFf@pM|Ah`@LhE?LT|FVdKDbBHv@VrHN~E?j@VjHNtDJfBZtIXlHF|@RnED|Ar@r@^Vf@T\Jh@Hj@DAPDPlHfJ^h@f@j@f@Xb@V\Ff@FvAErFUpCKHEHi@PcCD]vBZF?VQv@hCP^TAbGqAtBa@pBUzAYjDs@rAc@pBcA|@a@PGf@Uv@e@\[t@y@n@o@|@q@d@[~C_BvBgAzA}@dCeBt@m@r@y@h@u@f@_Ad@_AzAcE~B}FxByEzByEz@kBR[l@a@~A]XI~E}@j@B`@Hn@Ti@`Fg@`FInBA\?dAH~CDNQxAGl@hDbAMx@Cd@Dp@Lf@LXV\b@VZLId@Gb@ItA?d@PjC`@tEJ`@RN`APC`AOjBk@bIK~AUbBWhAeAjCOaA
7782,78,127,igtaG~x|pLI\In@F`C~HeB^IHFDDHLbDrINr@l@vFFRDf@VFbDdAjF|AtCd@XLJM|O~JxErCdJrFfAn@`@`@lB|Bh@p@d@y@vAsCb@}@b@{@X\PTDJFf@JrAVnFf@pM|Ah`@LhE?LT|FVdKDbBHv@VrHN~E?j@VjHNtDJfBZtIXlHF|@RnED|Ar@r@^Vf@T\Jh@Hj@DAPDPlHfJ^h@f@j@f@Xb@V\Ff@FvAErFUpCKHEHi@PcCD]vBZF?VQv@hCP^TAbGqAtBa@pBUzAYjDs@rAc@pBcA|@a@PGf@Uv@e@\[t@y@n@o@|@q@d@[~C_BvBgAzA}@n@c@
7783,78,128,igtaG~x|pLjEiPnDgN^kAr@mBj@Oj@CtAW`AYpFgBnC{@~@oAxAmBT[DIjBqHLSFYd@iBhP`CtK|ApG`Ae@|GGdAAr@Df@Pz@`@x@d@f@f@TlAXtB\fAqD|@qCpBoGzBgHL?d@eANIN@NLHTA^
7784,78,129,igtaG~x|pLI\In@F`CNhD^`ILdDIzAK`B?xA@dA\rDJ~@f@pC|AfJpBlOzC|U`BnMjArJVVHHn@lAJFRD^Jb@oCn@yAFMMMn@eARa@DMXFj@JjBXrBZfB\jB\I`@YvAAV?NMRCFWbAu@bE}@tEKPABLTDJBBrDfBLJNg@f@uBbEtBXJ`@JF?x@}ETqAlAn@
7785,78,130,igtaG~x|pLI\In@F`CNhD^`ILdDIzAK`B?xA@dA\rDJ~@f@pC|AfJpBlOzC|U`BnMJv@p@L
7786,78,131,igtaG~x|pLI\In@F`C~HeBtAY|Ba@rH_BbBa@`IeBHCF@j@HrAh@~Av@NFTFzFpCx@b@rHlD`ElBlD~AxBhA|At@dElBvCxA|BfAHEDI@IDcAzAf@tElFjBlBtA|AtAdBV`@bC|CdHbJbGtGlExEcEpIg@nA{AzCiDhHpB|BhCvCr@z@SP
7787,78,132,igtaG~x|pLI\In@F`CNhD^`ILdDIzAK`B?xA@dA\rDJ~@f@pC|AfJpBlOzC|U`BnMjArJIHiIzBFXKZOh@NE
7788,78,133,igtaG~x|pLI\In@F`CNhD^`ILdDIzAK`B?xA@dA\rDJ~@f@pC|AfJpBlOzC|U`BnMjArJIHiIzBaCn@MBW?_ESwDQ{@EiBK[dSEZK`@?Rb@|Dp@nE\hAr@fC~BdIb@rAWT
7789,78,134,igtaG~x|pLI\In@INMl@IZSb@IHeA~@]RuDxBSJKNQ^@VAj@@x@VdCTvC?VO`A@VS`AgA~E}@dEiAtE[~Aa@lCoAhJ_DnUY`Bw@|C{@vBkAlCcCvFcDbHgIjQW`@[NIJGNELAVKh@gAh@a@Z}A|AcAjAc@p@i@dA[v@mBfFiAxCi@~@uDpEyH~IcKrLiFdGiApAGMBo@
7790,78,135,igtaG~x|pLI\In@F`C~HeB^IHFDDHLbDrINr@l@vFFRDf@VFbDdAjF|AtCd@XLJM|O~JjC~Au@fCo@zBUr@
7791,78,136,igtaG~x|pLjEiPnDgN^kAr@mBj@Oj@CtAW`AYpFgBnC{@~@oAxAmBT[DI\wAhB|@rBv@Dc@nGfA~O~B`G|@j@g@@e@LoBTkD
7792,78,137,igtaG~x|pLI\In@INMl@IZSb@IHeA~@]RuDxBSJKNQ^@VAj@@x@VdCTvC?VO`A@VS`AgA~E}@dEiAtE[~Aa@lCoAhJ_DnUY`Bw@|C{@vBkAlCcCvFcDbHgIjQW`@[NIJGNELAVKh@bAWXG`AQ
7793,78,138,igtaG~x|pLI\In@INMl@IZSb@IHeA~@]RuDxBSJKNQ^@VAj@@x@VdCTvC?VO`A@VS`AgA~E}@dEiAtE[~Aa@lCoAhJ_DnUY`Bw@|C{@vBy@nBOIk@t@]`@
7794,78,139,igtaG~x|pLI\In@INMl@IZSb@IHeA~@]RuDxBSJKNQ^y@dAmE~DmCdCwPcKYhAaEbQoBdI_EtPw@fCgJ|WgGnQeG|QiGbRyAvEmCdIo@hBYb@CHm@b@
7795,78,140,igtaG~x|pLI\In@INMl@IZSb@IHeA~@]RuDxBSJKNQ^@VAj@@x@VdCTvC?VO`A@VS`AgA~E}@dEiAtE[~Aa@lCoAhJ_DnUY`Bw@|C{@vBkAlCw@dBMKQGK?[TcAz@_JlH}FlFqBjB_FhFmAxAkAs@eF}CSOy@k@gAm@gBkAgBcA{BuAwA_AiKkG{KwGkAw@_@V
7796,78,141,igtaG~x|pLI\In@INMl@IZSb@IHeA~@]RuDxBSJKNQ^y@dAmE~DmCdCwPcKYhAaEbQoBdI_EtPw@fCgJ|WgGnQeG|QiGbRyAvEmCdI[`Ai@Y_@QyE_Cs@a@SQg@m@Wi@wAgEaAsCy@aBmByCeAaBOSu@k@A[
7797,78,142,igtaG~x|pLI\In@INMl@IZSb@IHeA~@]RuDxBSJKNQ^y@dAmE~DmCdCwPcKYhAaEbQoBdI_EtPw@fCgJ|WgGnQeG|QiGbRyAvEmCdI[`Ai@Y_@QyE_Cs@a@SQg@m@Wi@wAgEaAsCy@aBmByCeAaBOSu@k@Cc@EQIUMOUAEBINGVCPBVDPJPJHy@rAYd@k@xAWjAYlBS~@[dA]~@[n@s@fAuAbBc@p@m@rAeAlCo@hBa@hAGE
7798,78,143,igtaG~x|pLI\In@INMl@IZSb@IHeA~@]RuDxBSJKNQ^y@dAmE~DwGhGcAxDuBlIgGvViBtH_A|BaA~BmBkA{@i@sAbCmAdCoGyD
7799,78,144,igtaG~x|pLI\In@INMl@IZSb@IHeA~@]RuDxBSJKNQ^@VAj@@x@VdCTvC?VO`A@VS`AgA~E}@dEiAtE[~Aa@lCoAhJ_DnUY`Bw@|C{@vBkAlCcCvFcDbHgIjQW`@[NIJGNELAVKh@gAh@a@Z}A|AcAjAc@p@i@dA[v@mBfFiAxCi@~@uDpEyH~IcKrLiFdGMNc@k@WYuEqF}LqNcInCOD
7800,78,145,igtaG~x|pLI\In@INMl@IZSb@IHeA~@]RuDxBSJKNQ^@VAj@@x@VdCTvC?VO`A@VS`AgA~E}@dEiAtE[~Aa@lCoAhJ_DnUY`Bw@|C{@vBkAlCw@dBMKQGK?[TcAz@_JlH}FlFqBjB_FhF{AhB]f@eA`AqDdDoAv@aCnAECECi@o@V{@
7801,79,80,q`taGl__qLvPqTnDyE`DcEhLeOlNyQzDeF~ByCnJ_Mr@_ADARBVP~@qDT{@Ty@T_@nCb@xDr@vAV^FJT
7802,79,81,q`taGl__qLvPqTnDyE`DcEhLeOlGgInBiCmB{@sAq@gB}@oB_AOC}@a@oB}@^uFbAiO|@yMd@{G|AkVzCwd@HIFWhG|@HsAA{@CMB?V@CKQCOEKKSk@Ao@D]CWFUZq@t@mBnAsC^}@ASCWKIFO?GkAoAOOL[Rq@p@cBvCcHlEsKXRrCpDXZZN`E`BpBp@|@`@XVVd@bB|Cr@nAh@j@x@n@l@d@b@Tj@R\BH?`@DZ@R?NCVQXO`Ae@XOTGp@GnBVfEv@nB\xA`@JD?X?R@BFHZJV?h@A\F`@\Lb@?PHLPLCs@BEB@@n@A?Ei@?WFg@Nk@Xg@XUHGB@ADUNKD?IRSUFOeAQ_AfBo@Fj@JDPF`@ClCaAdEcBhHuCZMeBaNWwB?a@?oBLsGRyGB_CEqAGsA
7803,79,82,q`taGl__qLvPqTnDyE`DcErAeBJMzKdHlGxDbCxAxIfFp@f@`AhAbBtBrAeCjBwDDIJNTVJNDPFh@JbB^lIpAn\x@pS?|@h@jO@x@@xAFbADTF|BJ|BJdDHpCANTjFHrCJtBJdC\lJRbFJnAPvEB~@XZh@b@b@Vf@PfAPV@?HAJHRrHpJ|@dAjAp@l@Jt@B`CMnHWRCDGZ}DDKzB^FCHGFGv@hCR^|AYzEcAvB_@dBSlB_@pCm@j@Qv@]hB_Aj@WZK|@g@b@[^_@n@s@`A{@h@a@`Ak@nFmCzA}@~AgAhA{@^[nAcBz@}Aj@uA~AmEl@{AzBeFjA_CbDgH^a@h@YtE}@dB[`@Cj@Hb@JnDdAfAV~ATjCHl@?ZEv@Sv@c@PSx@kAt@{@fB_CbA}@f@]vAm@@p@ATEz@nAVl@JnAZKn@Mp@GT
7804,79,83,q`taGl__qLvPqTnDyE`DcEhLeOlGgInBiCrBdAvExB|FjCtDjBdChAvJxELKBGDiAzAf@z@eBbC}Er@oAvEkJdAuBhAwBhA_Bt@w@v@k@p@_@nAk@bGcC`QaHbLkE`Bg@fAe@tHwCtHuC|CgAhD{A|H{CzF{Bf@WRM`@w@V_@xC}EVMlBcDzDuGfAaBhCiCxAuArAcBhMkPhGgIhDgEzC_E|AqBj@}@v@qAfB}CNYf@i@xBeB~NkLpNeLd@_@
7805,79,84,q`taGl__qLvPqTnDyE`DcEhLeOlGgInBiCmB{@sAq@gB}@oB_AOC}@a@oB}@^uFbAiO|@yMd@{G|AkVzCwd@HIFWhG|@jG~@PFtBX^aG@IdBZ
7806,79,85,q`taGl__qLvPqTnDyE`DcEhLeOlGgInBiCmB{@sAq@gB}@oB_AOC}@a@oB}@^uFbAiO|@yMd@{G|AkVzCwd@HIFWhG|@HsAA{@CMB?V@CKQCOEKKSk@Ao@D]CWFUZq@t@mBnAsC^}@ASCWKIFO?GkAoAOOL[Rq@p@cBvCcHlEsKh@}@JYLeARMVgB`@cDTiBl@iCJYP_@TSj@k@`@]vB{Bl@c@`@DRJfA}GvAyI|@aFTy@\k@b@g@X[vAkAbAo@f@S`AWnB_@vE{@nA[P^JPRLb@J`BBlAF?wD~@GtAGx@QhA[d@Q\Yf@i@`EkElDuDTUSg@_AaCcCuGvAwBbDeIJSRSj@uAlDuJbEeLr@uB\s@vAuDhDsK|AkFhDdC~B`Bh@d@j@p@dArAlBbCtBbCjC|ChAdArA`BxBhCvIlKrBhCxDrEn@|@fBzBdFjG~FlH~FpH`GtHbC|C|@jAZ?~BA`EEnEA
7807,79,86,q`taGl__qLvPqTnDyE`DcErAeBJMzKdHlGxDbCxAxIfFp@f@`AhAbBtBd@y@rA|A~@hAx@fAn@qA~BqE|DrE`I~IbLpMfKhLhEbFfAnABCBAFDFBHAjAuBDA@F]l@f@l@Vg@BCBDADAB}@bBUROHI?NWb@m@Xg@^s@l@w@n@{@`CcFPWn@k@h@e@r@gAVm@AQDGFEREH@p@C`@BlCPbBNxBPdAJbARRDr@N~@NX?l@JlIfAt@JHaBViEP_Dh@FhB?hBCPAbAc@~@c@lJsDVTHPbAxBX^tBtB|@jA~@dA|@n@vBrAn@\?i@Bo@Du@BWJsANJdAj@v@V`@HXBrAAv@BnAN`AXdAPXAj@Kl@UxAgAXQTPNBx@|@hAjAjDrDbKzK[~@{@rCCf@~A`F
7808,79,87,q`taGl__qLvPqTnDyE`DcErAeBJMzKdHlGxDbCxAxIfFp@f@`AhAbBtBrAeCjBwDDIJNTVJNDPFh@JbB^lIpAn\x@pS?|@NzDy@CgEQiAEwABW@
7809,79,88,q`taGl__qLvPqTnDyElBcC
7810,79,89,q`taGl__qLf@q@f@rDd@jDpAfKbBtMnBpOTrBZV`@t@Vb@FBKl@Kz@Q~AGr@G|@EzAYtAMf@_@`AIR?NQXKL[ViD|@c@@i@AsDS
7811,79,90,q`taGl__qLvPqTnDyE`DcEhLeOlGgInBiCmB{@sAq@gB}@oB_AOC}@a@oB}@^uFbAiO|@yMd@{G|AkVzCsd@
7812,79,91,q`taGl__qLvPqTnDyE`DcEhLeOlNyQzDeF~ByCrHwJ
7813,79,92,q`taGl__qLvPqTnDyE`DcEhLeOlGgInBiCmB{@sAq@gB}@oB_AOC}@a@oB}@^uFbAiO|@yMd@{G|AkVzCwd@HIFWhG|@HsAA{@CMB?V@CKQCOEKKSk@Ao@D]CWFUZq@t@mBnAsC^}@ASCWKIFO?GkAoAOOL[Rq@p@cBvCcHlEsKh@}@JYLeARMVgB`@cDTiBl@iCJYP_@TSj@k@`@]vB{Bl@c@`@DRJfA}GvAyI|@aFTy@\k@b@g@X[vAkAbAo@f@S`AWnB_@vE{@nA[P^JPRLb@J`BBlAF?wD~@GtAGx@QhA[d@Q\Yf@i@`EkElDuDTUSg@_AaCcCuGvAwBbDeIJSRSj@uAlDuJbEeLr@uB\s@vAuDhDsK|AkFhDdC~B`Bh@d@j@p@dArAlBbCtBbCjC|ChAdArA`BxBhCvIlKrBhCxDrEn@|@fBzBdFjG~FlH~FpHvCvDLN|C_BjFqCrBeA`@OpCwAr@]l@Uv@SvBSh@GxAKNMLFJ@RANIFGh@@A}AIe@Vy@Z]pAoAVQTEf@?vG??eKBKTeAfBXtAJrB@rAAhBuAjAcAZ_@Zm@HWJs@?g@OkA@SBORg@HW@QCQEi@?c@Ba@ViBT{@f@{AT]RUAWXQTGZ@N@LGTIJILSh@gB~F_S|@YBC@CpDmLBB@BHLJV@D?FPI\OTIHAJB^d@P^VbAFXZa@^e@LYPs@LY^uAPe@?MW}@?SXcB@Y@Od@wANo@EMCG?M~AaI`CK~GM|AOFVVr@@NMd@jDlEvBfCfBxB
7814,79,93,q`taGl__qLvPqTnDyE`DcEhLeOlGgInBiCmB{@sAq@gB}@oB_AOC}@a@oB}@^uFbAiO|@yMd@{G|AkVzCwd@HIFWhG|@HsAA{@CMB?V@CKQCOEKKSk@Ao@D]CWFUZq@t@mBnAsC^}@ASCWKIFO?GkAoAOOL[Rq@p@cBvCcHlEsKh@}@JYLeARMVgB`@cDTiBl@iCJYP_@TSj@k@`@]vB{Bl@c@`@DRJfA}GvAyI|@aFTy@\k@b@g@X[vAkAbAo@f@S`AWnB_@vE{@nA[P^JPRLb@J`BBlAF?wD~@GtAGx@QhA[d@Q\Yf@i@`EkElDuDTUSg@_AaCcCuGvAwBbDeIJSRSj@uAlDuJbEeLr@uB\s@vAuDhDsK|AkFhDdC~B`Bh@d@j@p@dArAlBbCtBbCjC|ChAdArA`BxBhCvIlKrBhCxDrEn@|@fBzBdFjG~FlH~FpHvCvDLN|C_BjFqCrBeA`@OpCwAr@]l@Uv@SvBSh@GxAKNMLFJ@RANIFGh@@|BBjHGnDIrKOjA_@~Bo@l@UzAo@VG^CFFPHZ?NEJMLUBM@Eb@c@x@a@VMl@W
7815,79,94,q`taGl__qLf@q@Y{Bs@{EaBqJYeCYqDAi@BgBLyABm@@}@SyDk@qME_BBe@bA}Df@kBsA{@AEDmCF}BGmBU}A{@sDEWL{@?eA?EG_@?CKe@KEc@OWUSSSc@MQYgAq@iDcAgGq@kIQwCo@aH{@}JUuEMwAKw@}@eE}@mDaB{Gc@cBm@{B?YF}@HUDs@ASAIM]g@k@Hm@HQr@c@`@gA`@iAn@VXB\AxAWNG~@_@nAq@fAy@fBgBzIuIrB{BrA}AxCmDf@q@jBoCfDcFNQ
7816,79,95,q`taGl__qLvPqTnDyE`DcEhLeOlGgInBiCmB{@sAq@gB}@oB_AOCyDeB
7817,79,96,q`taGl__qLf@q@f@rDd@jDpAfKbBtMnBpOTrBZV`@t@Vb@\HTFFBTaBLm@J[j@kAMMR[n@iAnA{Cl@kAd@wApCkJ
7818,79,97,q`taGl__qLf@q@f@rDd@jDpAfKbBtMnBpOTrBZV`@t@Vb@\HTFFBTaBLm@J[j@kAMMR[n@iADO`@HpCb@dC`@xB`@dARGVSdAIf@?ZUd@c@tBUpAvCfAdA\VHFSRu@vAoFbGxCt@\z@f@
7819,79,98,q`taGl__qLvPqTnDyE`DcEhLeOlGgInBiCmB{@sAq@gB}@oB_AOC}@a@oB}@^uFbAiO|@yMd@{G|AkVzCwd@HIFWPaCUq@KIGAOQ_@K_@[yAqAAGBOH]He@nAyJv@oGh@}AnCoGeAqDlBeEFqB@e@G}CC]GkD?yABcAA_@K}@B{A^iBCi@Mg@SYOMUCy@QQMOOQa@Ki@Qm@ISc@qA}@gCIGMCKDWLIAIIM[IQSNKF
7820,79,99,q`taGl__qLvPqTnDyE`DcEhLeOlGgInBiCmB{@sAq@gB}@oB_AOC}@a@oB}@^uFbAiO|@yMd@{G|AkVzCwd@HIFWhG|@HsAA{@CMB?V@CKQCOEKKSk@Ao@D]CWFUZq@t@mBnAsC^}@ASCWKIFO?GkAoAOOL[Rq@p@cBvCcHlEsKh@}@JYLeARMVgB`@cDTiBl@iCJYP_@TSj@k@`@]vB{Bl@c@`@DRJfA}GvAyI|@aFTy@\k@b@g@X[vAkAbAo@f@S`AWnB_@vE{@nA[D~@@|A[@
7821,79,100,q`taGl__qLvPqTnDyE`DcEhLeOlGgInBiCrBdAvExB|FjCtDjBdChAvJxELKBGDiAzAf@z@eBbC}Er@oAvEkJdAuBhAwBhA_Bt@w@v@k@p@_@nAk@bGcC`QaHbLkE`Bg@fAe@tHwCtHuC|CgAhD{A|H{CzF{Bf@WRM`@w@V_@xC}EVMlBcDNNHILDFKRPRHNHHEHa@VWLGl@Dt@VDFDXHV^j@NXD\xAtBLHF?dB{CrBpDp@lAx@bBnAxBhBlDx@|AJONKBEBKJST[p@e@\[Pk@Ji@d@{ARe@?Gb@kBr@yCVaBLa@Xi@^g@HQJi@DQVg@l@s@FKLH\^jC|BtDnCtEtDxC|BfBjAVJT?^?t@JNcCTmAZcD
7822,79,101,q`taGl__qLvPqTnDyE`DcErAeBJMzKdHlGxDbCxAxIfFp@f@`AhAbBtBrAeCjBwDDIJNTVJNDPFh@JbB^lIpAn\x@pS?|@h@jOn@@nAAn@At@G|I{@zF]~A?rB\dD~@dFhAx@FrAH`BGt@Gx@[z@]x@m@x@}@rA}Bj@yArAmCnCeGn@wB^_CJmABoBAy@KoAKYCKFqABQBKP?FDDAHu@@a@IoADyANk@Jo@HiA?e@CgA?UV{APsC?w@p@uUJgDNcEF?DE@IF{@AVBH^BJABy@D??SnAPv@JtBZ~@HfA}QJ_A?SL?P@THj@h@fCfCzA`BdGzGbAbAi@jA
7823,79,102,q`taGl__qLvPqTnDyE`DcEhLeOlGgInBiCrBdAvExB|FjCtDjBdChAvJxELKBGDiAzAf@z@eBbC}Er@oAvEkJdAuBhAwBhA_Bt@w@v@k@p@_@nAk@bGcC`QaHbLkE`Bg@fAe@tHwCtHuC|CgAhD{A|H{CAk@HgAr@wI}@kAoCmDMYGIQGF}@F]Pc@rHcMjD}FDMHJ~ArBDIVc@T[TGnCqClAmABMt@w@x@gA`FsGz@cAzAjCpAaBjF{GfC}CLQ
7824,79,103,q`taGl__qLvPqTnDyE`DcEhLeOlGgInBiCrBdAvExB|FjCtDjBdChAvJxELKBGDiAzAf@z@eBbC}Er@oAvEkJdAuBhAwBhA_Bt@w@v@k@p@_@nAk@bGcC`QaHbLkE`Bg@fAe@tHwCtHuC|CgAPKUcA_@eC_AcFMMIo@qAqHoA}G
7825,79,104,q`taGl__qLvPqTnDyE`DcEhLeOlGgInBiCmB{@sAq@gB}@oB_AOC}@a@oB}@^uFbAiO|@yMd@{G|AkVzCwd@HIFWhG|@HsAA{@CMB?V@CKQCOEKKSk@Ao@D]CWFUZq@t@mBnAsC^}@ASCWKIFO?GkAoAOOL[Rq@p@cBvCcHlEsKh@}@JYLeARMVgB`@cDTiBl@iCJYP_@TSj@k@`@]vB{Bl@c@`@DRJfA}GvAyI|@aFTy@\k@b@g@X[vAkAbAo@f@S`AWnB_@vE{@nA[P^JPRLb@J`BBlAF?wD~@GtAGx@QhA[d@Q\Yf@i@`EkElDuDTUSg@_AaCcCuGvAwBbDeIJSRSj@uAlDuJbEeLr@uB\s@vAuDhDsK|AkFhDdC~B`Bh@d@j@p@dArAlBbCtBbCjC|ChAdArA`BxBhCvIlKrBhCxDrEn@|@fBzBdFjG~FlH~FpH`GtHbC|C|@jAZ?~BA`EEvEALA
7826,79,105,q`taGl__qLvPqTnDyE`DcEhLeOlGgInBiCrBdAvExB|FjCtDjBdChAvJxELKBGDiAzAf@z@eBbC}Er@oAvEkJdAuBhAwBhA_Bt@w@v@k@p@_@nAk@bGcC`QaHbLkE`Bg@fAe@tHwCtHuC|CgAhD{A|H{CzF{Bf@WRM`@w@V_@xC}EVMlBcDNNHILDFKRPRHNHHEHa@VWLGl@Dt@VDFDXHV^j@NXD\xAtBLHF?dB{CrBpDp@lAx@bBnAxBhBlDx@|AJONKBEBKJST[p@e@\[Pk@Ji@d@{ARe@?Gb@kBr@yCVaBLa@Xi@^g@HQJi@DQVg@l@s@Pa@FYH[Zk@\u@Ti@`@c@\{@Ti@F]Ne@HO^m@V{@Re@Vc@L[JPZj@tDnGxDeEzCcDRc@t@_C|AcFd@{@X]dA{AzB}C`@i@dBJT@|@Jx@_@p@U^I
7827,79,106,q`taGl__qLvPqTnDyE`DcEhLeOlGgInBiCmB{@sAq@gB}@oB_AOC}@a@oB}@^uFbAiO|@yMd@{G|AkVzCwd@HIFWhG|@HsAA{@CMB?V@CKQCOEKKSk@Ao@D]CWFUZq@t@mBnAsC^}@ASCWKIFO?GkAoAOOL[Rq@p@cBvCcHlEsKh@}@JYLeARMVgB`@cDTiBl@iCJYP_@TSj@k@`@]vB{Bl@c@`@DRJfA}GvAyI|@aFTy@\k@b@g@X[vAkAbAo@f@S`AWnB_@vE{@nA[P^JPRLb@J`BBlAF?wD~@GtAGx@QhA[d@Q\Yf@i@`EkElDuDTUSg@_AaCcCuGvAwBbDeIJSRSj@uAlDuJbEeLr@uB\s@vAuDhDsK|AkFhDdC~B`Bh@d@j@p@dArAlBbCtBbCjC|ChAdArA`BxBhCvIlKrBhCxDrEn@|@fBzBjAxA\q@~@cBxFaKpEcIpAzAn@iAh@_A
7828,79,107,q`taGl__qLvPqTnDyE`DcEhLeOlGgInBiCmB{@sAq@gB}@oB_AOC}@a@oB}@^uFbAiO|@yMd@{G|AkVzCwd@HIFWhG|@HsAA{@CMB?V@CKQCOEKKSk@Ao@D]CWFUZq@t@mBnAsC^}@ASCWKIFO?GkAoAOOL[Rq@p@cBvCcHlEsKh@}@JYLeARMVgB`@cDTiBl@iCJYP_@TSj@k@`@]vB{Bl@c@`@DRJfA}GvAyI|@aFTy@\k@b@g@X[vAkAbAo@f@S`AWnB_@vE{@nA[P^JPRLb@J`BBlAF?wD~@GtAGx@QhA[d@Q\Yf@i@`EkElDuDfDoD`BeBRSPe@bCgI`@aAf@u@nDyGbD|Bz@p@z@r@xCzBFDb@\zAfA`EtClAbAxDlCpDbCpB`AfAf@TVpA|Ap@|@\o@hBcD?A`AiBfEsHfEsHbD}FhBeD~BcE|G{LnB`CRNHF?{ACeCEuICgEAeDGeL
7829,79,108,q`taGl__qLvPqTnDyE`DcEhLeOlGgInBiCrBdAvExB|FjCtDjBdChAvJxELKBGDiAzAf@z@eBbC}Er@oAvEkJdAuBhAwBhA_Bt@w@v@k@p@_@nAk@bGcC`QaHbLkE`Bg@fAe@tHwCtHuC|CgAhD{A|H{CzF{Bf@WRM`@w@V_@xC}EVMlBcDNNHILDFKRPRHNHHEHa@VWLGl@Dt@VDFDXHV^j@NXD\xAtBLHF?dB{CrBpDp@lAx@bBnAxBhBlDx@|AJONKBEBKJST[p@e@\[Pk@Ji@d@{ARe@?Gb@kBr@yCVaBLa@Xi@^g@HQJi@DQVg@l@s@Pa@FYH[Zk@\u@Ti@`@c@\{@Ti@F]Ne@HO^m@V{@Re@Vc@X{@Le@f@mBTmAPm@Je@NeA`@eANgAD{@@cACq@O}AM]NOf@MhH\nBJBOFOzDqGlCqEtA{BvBwDzCgFx@kAxB{BrCiCvBmBlFkEjB{AXe@Vs@Ha@NyBTcFBo@LiAh@eBf@uA
7830,79,109,q`taGl__qLvPqTnDyE`DcEhLeOlGgInBiCrBdAvExB|FjCtDjBdChAvJxELKBGDiAzAf@z@eBbC}Er@oAvEkJdAuBhAwBhA_Bt@w@v@k@p@_@nAk@bGcC`QaHbLkE`Bg@fAe@tHwCtHuC|CgAhD{A|H{CzF{Bf@WRM`@w@V_@xC}EVMlBcDzDuGfAaBhCiCxAuArAcBhMkPhGgIhDgEzC_E|AqBj@}@v@qAfB}CNYf@i@xBeB~NkLpNeLxBcBlCsBXOrAiAPQlB_BTWjFeEpH_GRQXEf@z@tAzBh@j@fAz@dDtBbC~An@j@l@v@l@tAHXSr@QO
7831,79,110,q`taGl__qLvPqTnDyE`DcErAeBJMzKdHlGxDbCxAxIfFp@f@`AhAbBtBrAeCjBwDDIJNTVJNDPFh@JbB^lIpAn\x@pS?|@h@jO@x@@xAFbADTF|BJ|BJdDHpCANTjFHrCJtBJdC\lJRbFJnAPvEB~@XZh@b@b@Vf@PfAPV@?HAJHRrHpJ|@dAjAp@l@Jt@B`CMnHWRCDGZ}DDKzB^FCHGFGv@hCP^A?_AF_AbNg@nL]|ESNSTMZ[xBYvEDn@LLp@FfARDzAq@jI}@~KEj@
7832,79,111,q`taGl__qLvPqTnDyE`DcEhLeOlGgInBiCmB{@sAq@gB}@oB_AOC}@a@oB}@^uFbAiO|@yMd@{G|AkVzCwd@HIFWhG|@HsAA{@CMB?V@CKQCOEKKSk@Ao@D]CWFUZq@t@mBnAsC^}@ASCWKIFO?GkAoAOOL[Rq@p@cBvCcHlEsKh@}@JYLeARMVgB`@cDTiBl@iCJYP_@TSj@k@`@]vB{Bl@c@DWOESIEG]s@k@_AMm@_AsByAcDg@qAe@gAONa@cA
7833,79,112,q`taGl__qLvPqTnDyE`DcEhLeOlGgInBiCmB{@sAq@gB}@oB_AOC}@a@oB}@^uFbAiO|@yMd@{G|AkVzCwd@HIFWhG|@HsAA{@CMB?V@CKQCOEKKSk@Ao@D]CWFUZq@t@mBnAsC^}@ASCWKIFO?GkAoAOOL[Rq@p@cBvCcHlEsKh@}@JYLeARMVgB`@cDTiBl@iCJYP_@TSj@k@`@]vB{Bl@c@`@DRJfA}GvAyI|@aFTy@\k@b@g@X[vAkAbAo@f@S`AWnB_@vE{@nA[P^JPRLb@J`BBzADdBEbD?zBDp@NZVb@d@C`@GpA?Tq@m@SS
7834,79,113,q`taGl__qLvPqTnDyE`DcEhLeOlGgInBiCmB{@sAq@gB}@oB_AOC}@a@oB}@^uFbAiO|@yMd@{G|AkVzCwd@HIFWhG|@HsAA{@CMB?V@CKQCOEKKSk@Ao@D]CWFUZq@t@mBnAsC^}@ASCWKIFO?GkAoAOOL[Rq@p@cBvCcHlEsKXRrCpDXZZN`E`BpBp@|@`@XVVd@bB|Cr@nAh@j@x@n@l@d@b@Tj@R\BH?`@DZ@R?NCVQXOHEAFADQPCFNd@D??IO[IWKk@Iw@C{@BwAEAEh@BF^DM]E[?k@@O@MJSFK@G?KDA
7835,79,114,q`taGl__qLvPqTnDyE`DcEhLeOlGgInBiCmB{@sAq@gB}@oB_AOC}@a@oB}@^uFbAiO|@yMd@{G|AkVzCwd@HIFWhG|@HsAA{@CMB?V@CKQCOEKKSk@Ao@D]CWFUZq@t@mBnAsC^}@ASCWKIFO?GkAoAOOL[Rq@p@cBvCcHlEsKh@}@JYLeARMVgB`@cDTiBl@iCJYP_@TSj@k@`@]vB{Bl@c@DWOESIEG]s@k@_AMm@_AsByAcDg@qAe@gAONXp@
7836,79,115,q`taGl__qLvPqTnDyE`DcEhLeOlGgInBiCmB{@sAq@gB}@oB_AOC}@a@oB}@^uFbAiO|@yMd@{G|AkVzCwd@HIFWPaCUq@KIGAOQ_@K_@[yAqAAGBOH]He@nAyJv@oGh@}AnCoGeAqDlBeEFqB@e@G}CC]GkD?yABcAA_@K}@B{A^iBCi@Mg@SYOMUCy@QQMOOQa@Ki@Qm@ISc@qA}@gCIGMCKDWLIAIIM[qCmHu@iBW[]Qe@Ie@DOD_@XU^MRMQy@}@qBgC}@qAiAyBj@_A~@iAfAiAoEkIiFsJiC}EeB_DY[?@
7837,79,116,q`taGl__qLvPqTnDyE`DcEhLeOlGgInBiCmB{@sAq@gB}@oB_AOC}@a@oB}@^uFbAiO|@yMd@{G|AkVzCwd@HIFWhG|@HsAA{@CMB?V@CKQCOEKKSk@Ao@D]CWFUZq@t@mBnAsC^}@ASCWKIFO?GkAoAOOL[Rq@p@cBvCcHlEsKXRrCpDXZZN`E`BpBp@|@`@XVVd@bB|Cr@nAh@j@x@n@l@d@b@Tj@R\BH?`@DZ@R?NCVQXOHEAFADQPCFNd@D??IO[IWKk@Iw@C{@BwAEAEh@BF^DM]E[?k@@O@MJSFK@G?KPAn@Cr@EbCExDMZKtGyCRrAzAs@jAc@
7838,79,117,q`taGl__qLvPqTnDyE`DcEhLeOlGgInBiCmB{@sAq@gB}@oB_AOC}@a@oB}@^uFbAiO|@yMd@{G|AkVzCwd@HIFWhG|@HsAA{@CMB?V@CKQCOEKKSk@Ao@D]CWFUZq@t@mBnAsC^}@ASCWKIFO?GkAoAOOL[Rq@p@cBvCcHlEsKh@}@JYLeARMVgB`@cDTiBl@iCJYP_@TSj@k@`@]vB{Bl@c@`@DRJfA}GvAyI|@aFTy@\k@b@g@X[vAkAbAo@f@S`AWnB_@vE{@nA[P^JPRLb@J`BBlAF?wDk@qE[q@Ny@`@oAw@qAeBsCKw@
7839,79,118,q`taGl__qLvPqTnDyE`DcEhLeOlGgInBiCmB{@sAq@gB}@oB_AOC}@a@oB}@^uFbAiO|@yMd@{G|AkVzCwd@HIFWPaCUq@KIGAOQ_@K_@[yAqAAGBOH]He@nAyJv@oGh@}AnCoGeAqDlBeEFqB@e@G}CC]GkD?yABcAA_@K}@B{A^iBCi@Mg@SYOMUCy@QQMOOQa@Ki@Qm@ISc@qA}@gCIGMCKDWLIAIIM[qCmHu@iBW[]Qe@Ie@DOD_@XU^MRMQy@}@qBgC}@qAiAyBi@y@k@o@_BeBKVKR?@EFmAfC_@|@AHALCH
7840,79,119,q`taGl__qLvPqTnDyE`DcEhLeOlNyQzDeF~ByCnJ_Mr@_ADARBVP~@qDT{@Ty@T_@J]nAeETs@d@yAPg@t@h@rA~@XVPHnABtE\x@B\GTIzEeCvAs@j@_@FTp@[XOr@~ChHzZ@Ph^mNCQEBKeCM_B?e@a@_GIy@WwAO]y@_EIK]_@AM?g@?[CSAKD]DHNz@BD@CKi@@Eh@W[oBFGoAiHm@cDhBs@bCiAdBs@lFqBhFqBqBsLg@qC
7841,79,120,q`taGl__qLvPqTnDyE`DcEhLeOlGgInBiCrBdAvExB|FjCtDjBdChAvJxELKBGDiAzAf@z@eBbC}Er@oAvEkJdAuBhAwBhA_Bt@w@v@k@p@_@nAk@bGcC`QaHbLkE`Bg@fAe@tHwCtHuC|CgAhD{A|H{CzF{Bf@WRM`@w@V_@f@y@^f@jC`DLHLFdAxAn@hAZt@hBhGrAdFf@dBh@vAzAtF^dAvA|EjFvQdCnIdArDx@fD`BtEnC~Kr@jCfArDz@dCV`@JJVh@bAbCRl@F`@Fr@AlJLfDFr@Hh@Rn@h@rAd@nADX^j@x@tALf@JC|Ag@bHwBvEaBJIn@EdA@dANrBd@lC|@dErBl@VfB`@pANtA@fBE`HUjBIxB[xFw@PGVJpC|AvHzEvCdBzAp@nBLjDFxAAvD?xA@~ALdGlAdAXl@Z|BrBNN~@J
7842,79,121,q`taGl__qLvPqTnDyE`DcEhLeOlGgInBiCrBdAvExB|FjCtDjBdChAvJxELKBGDiAzAf@z@eBbC}Er@oAvEkJdAuBhAwBhA_Bt@w@v@k@p@_@nAk@bGcC`QaHbLkE`Bg@fAe@tHwCtHuC|CgAhD{A|H{CzF{Bf@WRM`@w@V_@f@y@^f@jC`DLHLFdAxAn@hAZt@hBhGrAdFf@dBh@vAzAtF^dAvA|EjFvQdCnIdArDx@fD`BtEnC~Kr@jCfArDz@dCV`@JJVh@bAbCRl@F`@Fr@AlJLfDFr@Hh@Rn@h@rAd@nADX^j@x@tALf@JC|Ag@bHwBvEaBJIn@EdA@dANrBd@lC|@dErBl@VfB`@pANtA@fBE`HUjBIxB[xFw@PGVJpC|AvHzEvCdBzAp@nBLjDFxAAvD?T?
7843,79,122,q`taGl__qLvPqTnDyE`DcEhLeOlGgInBiCrBdAvExB|FjCtDjBdChAvJxELKBGDiAzAf@z@eBbC}Er@oAvEkJdAuBhAwBhA_Bt@w@v@k@p@_@nAk@bGcC`QaHbLkE`Bg@fAe@tHwCtHuC|CgAhD{A|H{CzF{Bf@WRM`@w@V_@f@y@^f@jC`DLHLFdAxAn@hAZt@hBhGrAdFf@dBh@vAzAtF^dAvA|EjFvQdCnIdArDx@fD`BtEnC~Kr@jCfArDz@dCV`@JJVh@bAbCRl@F`@Fr@AlJLfDFr@Hh@Rn@h@rAd@nADX^j@x@tALf@JC|Ag@bHwBvEaBJIn@EdA@dANrBd@lC|@dErBl@VfB`@pANtA@fBE`HUjBI_@eEMoAMeABM@QCO?K@ANFd@NVDNJnAt@An@?N
7844,79,123,q`taGl__qLvPqTnDyE`DcEhLeOlGgInBiCrBdAvExB|FjCtDjBdChAvJxELKBGDiAzAf@z@eBbC}Er@oAvEkJdAuBhAwBhA_Bt@w@v@k@p@_@nAk@bGcC`QaHbLkE`Bg@fAe@tHwCtHuC|CgAhD{A|H{CzF{Bf@WRM`@w@V_@xC}EVMlBcDNNHILDFKRPRHNHHEHa@VWLGl@Dt@VDFDXHV^j@NXD\xAtBLHF?dB{CrBpDp@lAx@bBnAxBhDvG@BGJjDxEFH?JC`@Al@Jr@Xx@JPLn@JTRFh@Ph@`@\`@d@~@t@|AvCdFh@p@n@p@`@\fArAp@`A\\v@`@ZRdAjAdAdAtA~A^XdBbAtBzAnDvAHBFQrDrAvC|@|@RbIlBpATn@DnAC`ACVEhGWxLKzJGrJK\XWZ
7845,79,124,q`taGl__qLvPqTnDyE`DcEhLeOlGgInBiCrBdAvExB|FjCtDjBdChAvJxELKBGDiAzAf@z@eBbC}Er@oAvEkJdAuBhAwBhA_Bt@w@v@k@p@_@nAk@bGcC`QaHbLkE`Bg@fAe@tHwCtHuC|CgAhD{A|H{CzF{Bf@WRM`@w@V_@xC}EVMlBcDNNHILDFKRPRHNHHEHa@VWLGl@Dt@VDFDXHV^j@NXD\xAtBLHF?dB{CrBpDp@lAx@bBnAxBhDvG@BGJjDxEFH?JC`@Al@Jr@Xx@JPLn@JTRFh@Ph@`@\`@d@~@t@|AvCdFh@p@n@p@`@\fArAp@`A\\v@`@ZRdAjAdAdAtA~A^XdBbAtBzAnDvAd@RpBbAh@RzBf@hE`AzCz@nBf@JLh@x@n@tAfAz@fC|APPJFd@BdDxBx@p@hEtD|D`Dz@j@jFlDhAv@dBn@d@VpAb@l@N|C|@rAR^D^EVDDC`@g@RG~@Ld@LnEtAdBz@fIlEMb@
7846,79,125,q`taGl__qLvPqTnDyE`DcEhLeOlGgInBiCrBdAvExB|FjCtDjBdChAvJxELKBGDiAzAf@z@eBbC}Er@oAvEkJdAuBhAwBhA_Bt@w@v@k@p@_@nAk@bGcC`QaHbLkE`Bg@fAe@tHwCtHuC|CgAhD{A|H{CzF{Bf@WRM`@w@V_@xC}EVMlBcDNNHILDFKRPRHNHHEHa@VWLGl@Dt@VDFDXHV^j@NXD\xAtBLHF?dB{CrBpDp@lAx@bBnAxBhDvG@BGJjDxEFH?JC`@Al@Jr@Xx@JPLn@JTRFh@Ph@`@\`@d@~@t@|AvCdFh@p@n@p@`@\fArAp@`A\\v@`@ZRdAjAdAdAtA~A^XdBbAtBzAnDvAd@RpBbAh@RzBf@hE`AzCz@nBf@JLh@x@n@tAZV
7847,79,126,q`taGl__qLvPqTnDyE`DcErAeBJMzKdHlGxDbCxAxIfFp@f@`AhAbBtBrAeCjBwDDIJNTVJNDPFh@JbB^lIpAn\x@pS?|@h@jO@x@@xAFbADTF|BJ|BJdDHpCANTjFHrCJtBJdC\lJRbFJnAPvEB~@XZh@b@b@Vf@PfAPV@?HAJHRrHpJ|@dAjAp@l@Jt@B`CMnHWRCDGZ}DDKzB^FCHGFGv@hCR^|AYzEcAvB_@dBSlB_@pCm@j@Qv@]hB_Aj@WZK|@g@b@[^_@n@s@`A{@h@a@`Ak@nFmCzA}@~AgAhA{@^[nAcBz@}Aj@uA~AmEl@{AzBeFjA_CbDgH^a@h@YtE}@dB[`@Cj@Hb@JZLAVk@dFk@zFCpBFvDFb@YfChDbAIf@Ed@?b@Hn@H\NXVZz@`@UvAEvADjAVpCVdDNZ^Nn@JAf@Et@a@rFe@nGWnBUx@KXu@dBOaA
7848,79,127,q`taGl__qLvPqTnDyE`DcErAeBJMzKdHlGxDbCxAxIfFp@f@`AhAbBtBrAeCjBwDDIJNTVJNDPFh@JbB^lIpAn\x@pS?|@h@jO@x@@xAFbADTF|BJ|BJdDHpCANTjFHrCJtBJdC\lJRbFJnAPvEB~@XZh@b@b@Vf@PfAPV@?HAJHRrHpJ|@dAjAp@l@Jt@B`CMnHWRCDGZ}DDKzB^FCHGFGv@hCR^|AYzEcAvB_@dBSlB_@pCm@j@Qv@]hB_Aj@WZK|@g@b@[^_@n@s@`A{@h@a@`Ak@nFmCjCaB
7849,79,128,q`taGl__qLvPqTnDyE`DcEhLeOlNyQzDeF~ByCnJ_Mr@_ADARBVP~@qDT{@Ty@T_@J]nAeETs@lAwD`CwHp@sBD@D?d@cALKN?PHHR?d@
7850,79,129,q`taGl__qLf@q@f@rDd@jDpAfKbBtMnBpOTrBZV`@t@Vb@\HTFFBTaBLm@J[j@kAMMR[n@iADO`@HpCb@dC`@xB`@dARGVSdAIf@?ZUd@{AzHc@`CKZINP\JLdD|ATNd@}AP_AlB`AbBz@RFZFFAfAyGDSlAn@
7851,79,130,q`taGl__qLf@q@f@rDd@jDpAfKbBtMz@zGHj@p@L
7852,79,131,q`taGl__qLvPqTnDyE`DcErAeBJMzKdHlGxDbCxAxIfFp@f@`AhAbBtBd@y@rA|A~@hAx@fAn@qA~BqE|DrE`I~IbLpMfKhLhEbFSP
7853,79,132,q`taGl__qLf@q@f@rDd@jDpAfKbBtMnBpOTrBCDsA^uD`AeAZFXOd@K^NE
7854,79,133,q`taGl__qL_NnQqE`GOT`@xA\bAb@dAw@|@_BlB|@hFdAzFJt@?b@Y~REjBMb@AP@^p@lF`@nCNf@\hA\pAfBjG`AzCWT
7855,79,134,q`taGl__qL_NnQuPxTkEzF{EnGmAvAsAXu@SkBfEiDlHKRQV[NOTELCXCRGXOJc@Pe@Xg@f@_C`Cm@~@w@|AgAxCuBxFS^]l@mCbDkBxB}DtEiDzDcMzNeAnA{@`AGMBo@
7856,79,135,q`taGl__qLvPqTnDyE`DcErAeBJMzKdHlGxDaAfDy@nC
7857,79,136,q`taGl__qLvPqTnDyE`DcEhLeOlNyQzDeF|AoBWa@O[Me@Ku@Eq@F]jBqIZeBXoAHWZ}@xAuDt@cBj@g@@e@LoBTkD
7858,79,137,q`taGl__qL_NnQuPxTkEzFlAtA@x@@lEYrHPBKfFEnBiAGiEUgEW}@Ay@DgAPe@J
7859,79,138,q`taGl__qLqHvJa@h@{BiDwAkBa@]}B_AeFmBYtBo@vEaAjHm@jEY`Bw@|C{@vBy@nBOIk@t@]`@
7860,79,139,q`taGl__qL_NnQuPxTkEzF{EnGmAvAsAXu@SkBfEiDlHKRQV[NOTELCXCRGXOJc@Pe@Xg@f@_C`Cm@~@w@|AgAxCuBxFS^]l@mCbDkBxB}DtEiDzDcMzNeAnAq@{@AqCEe@DiCLsCXqADkBJmBAcBFoB`AkHDqBLI
7861,79,140,q`taGl__qLqHvJa@h@{BiDwAkBa@]}B_AeFmBYtBo@vEaAjHm@jEY`Bw@|C{@vBkAlCw@dBSMKEK?[TcAz@kDrCsDxCgDzCeD|C_CbCaCdCmAxAkAs@eF}CSOy@k@gAm@gBkAgBcA{BuAAAmEkCeHkEgKiGkAw@_@V
